,r_name,r_rating,r_review 
0,Sapana Konthoujam,1.0 out of 5 stars,"




                    The media could not be loaded.
                




  ¬†Dear Team,Please be informed that I am very dissatisfied by the services provided by Amazon buying this much expensive mobile from Amazon is not worth I believe they always provide us the defected item I recently purchased I phone 12 and it is creating a problem while switching on had to try multiple times for the same and this problem occurs every time whenever I switch off the mobile last time also the same issue occur when I bought my One plus 08 there was issue related to camera image was getting blurred each time and then I have to replace it I think Amazon just sell defected items I am very angry and wil take it forward because it's second time in a row and will never suggest any one to buy mobile especially from Amazon and also want to post the review about this on social media

"
1,Amit Kumar,5.0 out of 5 stars,"

  Its my First Apple device. Happy to own it after a long confusion between iPhone 11 and 12. I believe, it was worth waiting for 12.Received it on 04-Nov-2020. Working well till now. Checked Service Support Coverage. Its a genuine product.AndiPhone in white color is legend.Update after 1 month approx.-----------------------------------After using it for a month I am in love with this phone. Too smooth and I forgot what is lagging...Battery backup is very good and lasts one and half day easily with normal usage. I charge my phone when the battery is around 30%. Battery health is 100% after a month.Camera is awesome and gives very nicely detailed pictures with true colors.Phone speakers are really great and warm. They are loud but don't shout. Listening music or watching videos are enjoyable without earphones too.4G speed better than other 4g phones I have.Worth every penny.

"
2,ritesh,1.0 out of 5 stars,"

  in a day use it starts hanging just using whatsapp and instagram on it and its hanged ... worst experience

"
3,Manish Oberai,1.0 out of 5 stars,"

  Price is high and packing is torn and scratched

"
4,Aashik Francis,5.0 out of 5 stars,"

  I went through a lot of reviews and articles before I decided on the iPhone 12. I‚Äôve been an Android user all my life and frankly thought Apple phones were really overpriced(at least here in India). But in the present day, the flagship Android options are no less expensive. If you spend a lot of time on your mobile, using it as your primary camera, social media device, business emails/collaboration and also to stream videos then you definitely need to spend a little more and go with a flagship option for the best experience.Coming to the flagships today (Aug2021),  apart from the iPhone we have Samsung Galaxy S21/+/ultra, Oneplus 9 pro, Vivo x60 pro+, mi 11ultra.  If you read a few reviews you‚Äôll understand that 888Snapdragon has a lot of heating issues  and 9pro cameras didn‚Äôt live up to the hype(also overheating when the camera is in use). Samsung in India ships the phone with exynos2100 which is way less powerful than 888. The prices of all these phones are in the same range (except the ultra). Imp note: iOS updates are across iPhone devices unlike the android updates.Apple has really done a lot of things right on the iPhone12:1. They changed its display from lcd to led (huge value jump)2. A14 Bionic chip is a really fast and smooth without any lag3. Huge improvement on the primary cameras. Still the best video recording phone in the market and the photos are top quality4. The change is the body design is really comfortable in the hand5. The haptics are spot onWhat‚Äôs Missing: (Minor misses though)1. The Notch. Really wish they get rid of the notch but looks like it wont be out until 2023. Anyway you‚Äôll get used to it.2. USB type C charging. The iPad Pro 2020 model onwards already comes with the TypeC usb charging. I guess the iPhone 13 would get this change3. Fingerprint Sensor: Yes. Apple had done away with it couple of years back but with the pandemic still on, you sometimes wish there was a fingerprint sensorWait for the iPhone 13 or go with the 12:It took a while for 12‚Äôs prices to fall.  If you‚Äôre willing to wait till Feb-March 2022 for a good deal then wait for the 13. If you want to change it now, go with the 12.64GB or 128GB:The difference is around ‚Çπ6000.  64GB if you don‚Äôt play too many games and keep dumping the media files every once in while to your pc/storage . Else, the 128üòäBattery:I was indeed very surprised with the battery life. Charging time is a little slower compared to  it‚Äôs competition but the back up is impressive. It easily lasts a day.Android Flagship Option:The truth is, right now is not a good time to purchase an android flagship. If you really want to buy an android flagship, do wait for a while. 895 snapdragon phones are expected to be out by end of the year or early 2022.Hope this review helped :)Update:13 gets a better cam sensor, a15 bionic, 10% bigger battery and a slightly smaller notch. That‚Äôs it. No more differences. Everything else remains the same.iPhone 13 launched at 80k which is lesser than 12‚Äôs launch price(86k).  If you want to save on some cash , 12 will still  do the job (12 is currently around 55k-62k).  However if you can spend that extra 20k, then 13 should be your pick.Planning on taking an Android? Definitely wait until early 2022.

"
5,Dipanjan Roychoudhary,5.0 out of 5 stars,"

  Okay I NEED TO CLEAR a few misconceptions about this phone because i am seeing a lot of negative reviews here which are not true, probably from IOS haters. I have been an android user since 2014 when I got my first phone, after many years i switched to Apple after complaining about their high prices  because i was disappointed with Samsung using Exynos processors for their flagship phones in India which causes heating, and Oneplus throwing one cheap model after another every six months.And trust me guys its amazing. The software is butter smooth, i might never go back to android again.  FIRST OF ALL - who said the battery life is bad? I got my phone at 70 percent charge at 2 pm and after 24 hours it was 20 percent EVEN AFTER I KEPT MY DATA PACK ON THE WHOLE TIME.SECONDLY- why are so many guys reviewing the phone on basis of the charger? everyone knows iphone 12 comes without an adapter. did you people not do your research before buying?THIRD - the 60 Hz thing does not matter at all, flipping screen is  real quick u wont even notice the difference from a 120 Hz in androidand lastly - the AI is so sharp, be it the camera which automatically detects low light or even the face recognition.overall this phone is worth the high price. i will definitely be using it for 4-5 years. a happy customer here

"
6,Amazon Customer,4.0 out of 5 stars,"

  They called ceremic shield but it‚Äôs not for scratchless!!!!! I have so many scratches in my phone.......pls use tempered glass for protection of scratches!!!!!

"
7,shubham,5.0 out of 5 stars,"

  Pros:there are 1000s of blog for prosCons:Apple has to work to improve their battery lifeCharger ! Charger ! Charger ! If apple really cares about environment so much then they must deliver a phone once in 3 years. Or, give the users a usb c.Don‚Äôt rely on their screen advertising. Use a cover. Glass is still a glass and you can observe scratches after a month of usage.5g isn‚Äôt for India, still price in terms of dollars was same!

"
8,rupinder,3.0 out of 5 stars,"

  Android v/s iOSPro Apple1. Tons of privacy features and solid implementation. Every new app installed needs permission to send notifications.And with a future update, facebook won't be able to track what you're doing in other apps outside of Facebook. This deserves an applaud. 2. BatteryThe battery is amazing, giving more than 6 hours of screen on time. OnePlus can't touch this. If you bring this up with them, they'll distract you by saying it has fast charging.3. Camera - photos are ok and decent BUT, DAMN, the video quality is amazing. Totally stabilized ready for uploads.4. Build Quality - SOLID.5. Continued updates for years and years. An android may last you 2-4 years, and the updated would be ""raam bharose"", but these new iphones especially will easily last 5 years minimum with no compromises on software and security upgrades.6. Less features, but they work 10/10. Example, auto fill OTP option in keyboard works every single timein iPhone. In Android, if your keyboard is open already before the otp arrives, then this feature won't work. Half baked implementation.Pro Android / Anti - iOS1. Notifications. Notifications centre on iPhone SUCKS. I have missed email notifications regularly. Android does this so well.2. Implementation of new app library feature sucks. This creates a very confusing situation. The way to solve this would be if the auto-folders in app library could be manually managed.3. Screen Sizes and Notch - The Notch is a disgrace for iphones when the iphones have reached the level of punch hole displays. Hoping the next year's model can make it better.4. No Truecaller in iPhone and no call recording. I can forgive the call recording considering the privacy first model, but truecaller is a pro to privacy.5. CHEAP QUALITY OF CHARGING CABLE. For a luxury brand, this is a disgrace.6. PRICE - Yes, iphones are expensive BUT, paying +10-15k for a phone available cheaper in Dubai / USA really pinches. Damn Taxes.7. Yes iPhones run smoothly but don't think that these don't stutter. I face very light stutters now and then and I restart at least once a week whenever I encounter it.I'll probably give this phone to my family member against their iPhone x since they're way too deep in ios ecosystem now.

"
9,Sunil,1.0 out of 5 stars,"

  Device is wonderful but never buy expensive items from Amazon, its better to purchase from Apple store.Delayed delivery by 3 days and on top of it no one in amazon knows where my device was. I have to perform multiple follow ups to enquire about my device and Amazon CSR is worst when it comes to logging a complaint.The final product received is having a dent and Amazon denied servicing and asked to check with Apple, Apple of-course denied since the product is purchased from third party e-commerce website.Lesson learned after 5 days of total frustration and being played as shuttlecock between Amazon and Apple, its better to spend few bucks more and purchase iPhone from Apple rather than typing this review with a dented device.

"
10,Ranit Kumar Dholey,5.0 out of 5 stars,"

  This is going to be a long review, sit back, relax and have a read.I bought the iPhone 12 in May of 2021 after selling my OnePlus.Having used the iPhone7 and XR for years, this was my third iPhone.I have to say the iOS experience on the XR was absolutely horrible. Terrible reception, average battery and mediocre cameras forced me to move to android. I was tempted to move the 12 for all the improvements in modems, screen and the camera.And boy was I surprised . Let‚Äôs take up the review in sections.1. Screen: Having used a high refresh rate screen of OP8 before, I was quite sceptical about the 60hz of iPhone12 before I bought it. But, astonishingly, the iPhone12 screen is buttery smooth, courtesy of the high touch sampling rate and excellent animations. This does not feel like a 60hz display, and I cannot stress this enough. The display is EXCELLENT .2. Camera: being a photographer who has spent half of his life travelling, I prioritise a good camera over anything else. And these are surely the most spectacular cameras that I have used on a smartphone. Excellent HDR, great details and very post processing friendly. Of course, the video is as good as it gets on a phone. Attaching some images I shot on the 12 for your reference. Trust me when I say this, you could use this for some semi professional shoot just fine, if it‚Äôs only for social media and you are not printing really big.3. Battery: Battery on this device is not spectacular, it‚Äôs average. It will get you through the day for sure, unless you are in very long video calls two three times a day. It is good enough, on par with my OnePlus.4. Build Quality: this is where it is head and shoulders above the competition. Rock solid, an led weirdly lightweight, this feels very, very premium.5. Software: iOS 14 and the iOS15 have really pushed the sub par experience of ios11 away, and this software now feels smoother than ever. Great improvements. Excellent software experience, not something I could say with my XR.Summary: Excellent device, with no complains. This could really be one of the first devices that I used which I can call perfect. Highly recommended.

"
11,Dhaval Doshi,5.0 out of 5 stars,"

  Great battery life. Love the white colour. Blue is super hyped. It is a finger print magnet.There‚Äôs something about the design of these phones. No android phone can match the aesthetics. Except some curved display screens.Upgraded from iPhone 8. I am very very happy.Wish it was a bit cheaper. Bought with 6k instant hdfc discount and 6 months no cost emi.128gb.

"
12,Amazon Customer,5.0 out of 5 stars,"

  Upgraded for iPhone XR. Battery lasts almost the same as XR but iPhone adapts as per usage over time so it will take time. Which anyways it lasts me for around 1.5 day with normal use and data services and location services always on. Do check the YouTube video to make necessary changes in settings for battery optimisation. Nothing beats the camera performance and let alone the video performance. Phone factor (rectangular edges) feels good to hold however even the MagSafe back cover when put on ruins the fun. Instead try buying a thin screen guard for back of the phone and tempered glass for the front glass as both front and back of the phone seem to be delicate and a costly affair when planning repairs. Overall the performance is great. The backup for Mini is pathetic, buy only if you have very minimal use of the phone. If a telephoto photography doesn‚Äôt seem to be on your agenda then this is a smart choice over the pro model.

"
13,Rakeshbhai Gupta,5.0 out of 5 stars,"

  Amazing iPhone, worthy updatehave to buy a type-c supported charging adaptor for charginggood displaydecent battery lifenice night clicksoverall worthy upgrade from classic iPhonebuy apple original 20w adaptor for charging, it fill battery faster than any other adaptor

"
14,palani,1.0 out of 5 stars,"

  My existing iPhone was not exchanged and the reasons too weren't cited. The existing phones were in good condition. I dare Amazon to give me the reasons for not exchanging it if they have one. So don't fall for the exchange pray, appears to be a ploy. My umpteen emails to Amazon customer service on this topic was unanswered and finally upon escalation, the Executive CS team wrote back stating that the reasons for exchange can't be shared as it's an internal communication of theirs. Quite absurd! I quote below the etracts of their email dated 25th Aug 2021... Quote: I've reviewed your concern and see that our customer service team was able to address your issue concerning your exchange being denied. We are unable to provide internal information about the reason for exchanges being denied. Unquote:Now that's a complete surprise to a customer... If my phone doesn't gets exchanged, as customers I need to know the reasons too.. denial by Amazon to give a reason implies here that the exchange options are a gimmick to lure in customers to buy Phones on their online store.. Definitely, never expected Amazon to behave in this manner. Asides, Amazon CS took conveniently more than 2 weeks to respond to my emails and when they have responded the return window too is closed!!! Sad :(

"
15,Praveen Palkhade,1.0 out of 5 stars,"

  Worst camera quality, want my money refund but Apple denied to refund and amazon asking to go Apple service center to have deny later from Apple. If you are planning to buy an iphone then please buy from stores only if you want genuine one. I got a defective product from seller. And After paying my hard earned money iphone says thats not their responsibility third class service centers, don't care customers time.

"
16,Dr Bruce Banner,5.0 out of 5 stars,"

  Buying an iphone was a dream for me . This is my first ios device , The most i liked about this iphone is the inhand feel light weight,compact boxy design helps easy to hold the fone. When i was planned to switch from android to ios most of my frds told that battery life is a minus in iphones, but frankly i tell that the battery life effortlessly lasts for one complete day.Camera, display,sounds are awsome. The main attractive of this device is its permformance, no lag , best optimised software and gaming is simply awesome.

"
17,alam sethi,1.0 out of 5 stars,"

  I received the phone with a crack on its screen which was apparently not visible to a naked eye.But this crack started to increase in size and became more visible after few days when the phone started heating. Now Amazon has taken there hands out of this matter and neither apple is helping me, furthermore they are asking me to get my screen replaced which will cost me ‚Çπ26500. So I request everyone to not buy there  phones  from Amazon.

"
18,S Mitra,5.0 out of 5 stars,"

  Likes:ios- efficient and tidy.5G; Jio gives 4G+ currently to 5G mobiles as of 27-Dec-2020.The chassis feels different than rest phones in a good way.OLED display feels good to view.Usual iPhone perks- longer software support.Dislikes:Overpriced as usual, more so this time since not bundled with earphones and charger.Apple charger doesn't come with a lightning cable. Please buy cable separately, if needed.The selfie camera dulls the skin tone. Selfies taken via Androids look better.Here's my 2 cents:I'm using it as a secondary phone with OnePlus 8 as my primary.Please use your discretion.Thanks.

"
19,kunal dhaked,1.0 out of 5 stars,"

  The phone worked fine for 10 days after that the phone started heating and after that the charging was slow and now its 1month and the phone's speaker is not working .. i have given 84000 for this product to your company and i have called ur support system but they have told me to go to apple service center..I have taken the phone today and they have told me that it will take 7 days to fix it .. but my point is that i want a new phone or i want my money back as i m not 1% satisfied with ur product and customer service so plzz dnt put ur company name down and provide me a new phone if the phone dosent satisfy me after the phone is returned to me by the apple service center . Or else i will go to consumer court .. plzz call me as soon as possible and provide me a proper reply and if i dont get any solution that is good to me then i will file an case in the consumer court .

"
20,Sahil Upadhyay,1.0 out of 5 stars,"

  I got this phone on 4th May. And something was wrong with this phone. Also my brother bought the same phone but from a store. And that's working perfectly.Also apple gives 14 day return policy on each apple product but they closed my return window in 6 daysI started facing battery issues after few days. Phone was charging from 0-100% in about half an hour and same with the discharge.It went from 100 to 46% in 15 minutes and sometimes sudden shutdowns. I visited service centres and still my issues have not been resolved.I tried amazon support to help me but nothing happened and still the device is not in well condition and I can't use it.I had already checked that my product is genuine by filling all the details at apple website.But something is wrong either from amazon or apple.I can recommend if you are buying this device buy it a from a genuine store.In order to save 2-3k I made a mistake I guess.

"
21,Mohamed Shafiq K,3.0 out of 5 stars,"

  In this mask era, fingerprint is a must and sadly this phone doesn't have it. Being a doctor, I find it very difficult. Since I don't use it much, battery life is 2 days. Face recognition doesn't work with a mask and specs on. Better buy a Redmi which costs ‚Çπ9,000 than this one for ‚Çπ75,000 just to show off.

"
22,Benjamin,4.0 out of 5 stars,"

  The product was delivered before the expected date of delivery‚Ä¶. Review will be coming up after few weeks usage and the color is quiet vibrant.

"
23,Naval Kumar,1.0 out of 5 stars,"

  Phone is good and it fits really well in hand. Only problem I have found in iPhone 12 is overheating and this started from the moment I have unboxed it. I have tried to contact Apple and Amazon but no one is agree to help me fix this heating issue or replace it.freezing to death all within 6 months and best part there is no after sales support either by Apple or Amazon.Kind of service I have received from Apple, I think this is my first and last iPhone, second apple product and last.It's better to get it from other platform or get it from store, Amazon does not provide any after sales support for iPhone 12.Overall horrible service from giants organization like, Apple and Amazon.

"
24,mangalik maity,1.0 out of 5 stars,"

  Worst battery. It does not even go for 1 whole day with minimum usage. On idle mode battery will drain out in 1.5 days.

"
25,tarun chitkara,1.0 out of 5 stars,"

  Upgraded to brand new iPhone 12 (128gb) last week and from very first moment could feel the phone getting warmer to hotter from rear side and heat travels from back to side bezels making it even unable to hold the phone during FaceTime or work calls. After calling thrice to Apple official support, the staff was disconcerted and blamed it upon ‚Äònormal behaviour‚Äô of phone. However Amazon was kind enough to understand the issue and provided support to me. I recommend Amazon customer service.

"
26,Chronos,3.0 out of 5 stars,"

  It‚Äôs such a disappointment. I have been using iPhone since it‚Äôs first version.So naturally upgraded from iPhone X to 12. But the excitement quickly died down as soon as I saw the screen. There is a warm greenish tint to it which makes the colors off.Selfie portraits aren‚Äôt good either. Too sharp for portraits. May be I should have gone for the 12 Pro Max as it handles much better because of the telephoto lens.Hope apple fixes the screen issues soon

"
27,Raj,3.0 out of 5 stars,"

  This phone is little bit expensive and the baddest thing there is no charging adapter on box, apple charging this much money for this phone without giving important accessories like charging adapter, üò°

"
28,Riddhi,1.0 out of 5 stars,"

  The product was getting overheated too soon while using apple apps like iMovie.Also got heated while chargingIf I have to buy an 80k phone and just make calls and messages... doesn't make sense..And Amazon would not replace it just like that they need a letter from Apple stating ""Service Denial"" so shuttling between Amazon and Apple after 2 days of purchase.

"
29,Rashmi,4.0 out of 5 stars,"

  Do not buy.. there is colour chipping issue around camera. And it is not happening with me only.. so many complaints are there for this but apple is not bothered about it. They are not replacing product (its only 8 month I am using it) such cheap quality was not expected from apple. Disappointed!!!!

"
30,Arnab,5.0 out of 5 stars,"

  The hardware- cameras, spatial audio system, built and chip- are really really good. Better than any other high end phone in the market.The iOS software is really awesome! With features like shortcuts, siri among others- this phone is the smartest smart phone in the market. It just does things for you in the background to give you the unique user experience that android has not been able to give so far. I switched from an android phone (OnePlus) to this and it has been a very refreshing and wonderful change.

"
31,Ayushi Abhipsa,5.0 out of 5 stars,"

  Guys let me tell you, I was a huge fan of androids and I literally never thought of buying an iphone, but then thought of giving it a tryü•∫ü•∫ü•∫and you couldn‚Äôt believe how much i mean to what extent i like this phone. This is a perfect phone ever with awesome battery life (I use it very much still one and half day chal jata he) speed is mind blowing and camera just wowwww!!! No need of buying fancy iphone 12 pro max this is more than enough yaarüòçüòçYou will never ever regret buying thisReviewing after a use of 2 months

"
32,Lav,4.0 out of 5 stars,"

  I used to use an Android phone till 2014 and wanted to switch to iOS, so the same year I bought iPhone 6, It was good to have an iOS device and the performance and the cameras but those were sufficient only until next year when 6s launched. Though I was a fan of the iPhone 5 and 5s box design but couldn't buy them somehow. I wasn't and I'm not crazy about changing or upgrading phone every year so in 2015 I bought again iPhone 6s by having a thought that this phone has everything which I needed ever, except for box design. Now I was satisfied enough with this.As time goes on and years passed away many iPhone models came but I wasn't eager to buy any of them but when this year series 12 launched, that made me excited to buy because firstly I was technologically behind and secondly the nostalgic box design.Years ago, when I switched to iOS, I'm quite satisfied with it, I never thought and want to go back to Android.When it comes to iPhone 12, it's a great and beautiful device. Smooth performance, good battery life, overpriced of course but people always have the choice to buy it or not. Though face ID is new to me and initially little inconvenient compared to touch ID, hopefully, I'm gonna used to of it.I bought a 128 GB device as per my requirement and colour white because finger prints on back are not visible, compared to other darker colours.INR 3000‚Çπ Discount on the colour white, plus 6000‚Çπ HDFC instant discount. Effective price 76000‚Çπ. Unfortunately Charging Brick isn't included and it coasted 1900‚Çπ more for 20W USB-C from Apple India website.Overall it's a great device and satisfied purchase but overpriced for sure.

"
33,vishnu,1.0 out of 5 stars,"

  I bought this iPhone 12 128 GB after  3 days slowly letter b stoped working on keyboard I thought it was software glitch as sometime updateing software would solve the issue as we are in a pandamic situation I moved to my village where there little reception so update took 2 to 3 days to download. But even after updating there was no improvement so called apple support spoke to then at length about my situation and after hearing me they did some troubleshooting and came to a conclusion that it has some hardware problem and should approach Amazon as they were responsible for selling me this product for replacement.  by this time 7 days completed and according to the Amazon policy they only return and replace for 7 days.  When spoke to Amazon customer care they just wouldn't connect me to the concern department they just bluntly say I should approach apple but apple executive tells me he can't do anything. Is this how you treat a loyal customer you can check my account the and frequency I order trough Amazon. Not even connecting call to the concern department.

"
34,Junaid Masoodi,5.0 out of 5 stars,"

  Overall it looks good, coming from XR it looks a good upgrade for me. Design is ‚Äòback to basics‚Äô which is compelling. I loved the fast response among other things.

"
35,Amesh Gharat,4.0 out of 5 stars,"

  Overall good phone as it feels very premium, being made with high quality materials and has great performance. Excellent camera quality, great design and screen quality. The A14 processor is super fast and the phone never heats up even while performing intensive tasks. The speakers are very loud and clear and give out high quality sound.One problem I encountered is that  the battery life is not great but definitely above average. Another issue is the notch which makes the phone look outdated especially in 2021. The Face ID is also not useful while wearing masks which causes a lot of inconvenience since the phone doesn‚Äôt have a fingerprint scanner. The phone is also limited to a 60Hz refresh rate which again makes it less compelling than the competition which makes phones with 120Hz refresh rate at a much lower price.

"
36,Jamadagni,5.0 out of 5 stars,"

  Upgraded from an iPhone 7 32 gigs to iPhone 12 . After holding out for a long time the upgrade was worth it. All the feature set display, camera, speakers, signal reception, chipset is a huge upgrade. Recommended if you happen to have a device from 2016 or older. This device will be the new standard iPhone for the next 4 years. So worth it if you get it now.

"
37,s3r,4.0 out of 5 stars,"

  No wonder Apple makes some of the best phones in the world. Iphone 12 deservedly is the highest selling phone.I was upgrading from iphone 7 which served me well for 4 years, which I exchanged for this.The delivery & exchange formalities were smooth.The phone itself is surely an upgrade when compared to 7, the display is top notch, the camera is probably the best there is, the face unlock works like a charm, what's to say about the best phone, it works even better than advertised.The only problem like always is the battery which hardly lasts a day & charging time is also an issue, it tends to heat up a little while charging but with the previous experience with iphone 7, the longevity of the phone is guaranteed with the timely updates from Apple, the premium which an iphone demands stands justified with a superior product.Some people tried to discourage me from buying an iphone from Amazon claiming warranty & support issues. But there's no substance to such things. I confirmed the warranty & product registration from Apple, it's as advertised.Since most of us are going to use it for a longer period of time, it's prudent to opt for the extended warranty offered by Apple which costs around 16500 which gives us an extended year of warranty. Do remember to do this within 3 months of your purchase.

"
38,akash kumar,5.0 out of 5 stars,"

  Now it's almost more than 2 weeks of usage and I'm fully satisfied with the performance. Earlier I was using oneplus 6T and after malfunction of the screen, i decided to move to Iphone. Before buying i had done all the R&D. Many of reviews says that it has bad battery life and couldn't stand a day. But as per my usages my battery stays all day long. I used to make call (6 to 7 hours), video, music, surfing everything except game and battery last upto 24 hours with data mode on.In my opinion its worth buying.

"
39,ABHISHEK VERMA,2.0 out of 5 stars,"

  Product delivered on 3 Jan, today is 6th Jan 2022 time 12:08 am. Problem with the product that got delivered to me is it's front camera hangs a lot, there's no newness of the product which made me feel like I have been decived with refurbished phone. ( Though I am not sure but as I said there is no newness also battery backup was real poor, I still remember when I bought one plus 5T it's battery lasted for atleast 2-3 days without any recharging but this product that delivered to me either it is not authentic or I have received defective one. Obviously seller won't return the item so u have to visit store to sort out your problems with phone. I hate it.

"
40,Kalp,5.0 out of 5 stars,"

  Amazing product and very nice quality.I usually never order electronics online, i always buy it from a physical store. This time i checked everywhere for 256gb iphone 12 but it was out of stock and i had no option but to buy it online.I was a bit worried about the fraud and fake products but when i opened the package I realised that this cannot be fake.

"
41,Milandeep singh,5.0 out of 5 stars,"




                    The media could not be loaded.
                




  ¬†Changed from iPhone X, Got the new blue colour, something unique from apple. Great battery backup and the edges now look too premium. Overall, such a great buy ü§©

"
42,GG,5.0 out of 5 stars,"

  Premium looks, smooth user interface, outstanding camera quality, top class screen, great sound quality from stereo speakers. Instant face detection and unlocking. No finger print sensor (not required as face detection does the job instantly). No 3.5 mm port for headphones, requires airpods or bluetooth headset. Excellent noise cancellation. Double sim (nano+esim). Easy to switch from Android with inbuilt feature to transfer all the data.

"
43,Bhaskara Krishnan J,5.0 out of 5 stars,"

  This is the fastest iphone I have seen so far. True Value for money. Compared it with several other phones and observed that iphone12 is significantly faster than all the phones.Phone build quality is excellent. It supports fast charging capability which is very good. Using a 20W USB-C adaptor I am able to charge it from 20% to 100% within 1 hour.Battery life is also good compared to previous iphones.

"
44,Soyeb Ahmed,3.0 out of 5 stars,"

  Writing this review after nine months of using. Overall user interface is very good, picture quality is very good, battery life is somewhere average. I have faced discolouration issue in nine months without any fall or anything and apple service centre denied any service for this issue. Being a premium phone, this visual issue shall not occur so easily. Disappointed that such a costly phone doesn‚Äôt cover this in warranty and what kind of painting they do that peels off so easily.

"
45,sathavahana,3.0 out of 5 stars,"

  Good product, bringing back the old 5s style advantage.But, Moved from pixel3 to iphone12.I felt pixel is better than iphone 12, only best part of iphone12 is iosExpected more from BatteryCamera is good, build quality is great

"
46,pritish panda,5.0 out of 5 stars,"

  This is my 1st iphone and I loved it. I m not the one who is biased for iphone. But I personally loved it. Camera,Battery, sound everything is perfect. Do not set high expectations from battery, It is like u charged it in morning and use it whole day.Concern-: Data transfer is a big problem. If u want to transfer data to android mobile then watsapp is the only option. Till now I have not found any application yet which will help to transfer data smoothly.

"
47,Mahabala,5.0 out of 5 stars,"

  Very good product. I was using 6S plus till now. After using for one and half month, it‚Äôs so impressive and battery is the best. It comes whole day. Very fast and smooth. Nice design.

"
48,vishal malik,1.0 out of 5 stars,"

  After using for a month in lockdown all apple stores closed. My phone keeps on restarting ilon its own. The phone hangs and swtiches off for few seconds and then restarts. Happens everyday multiple times.

"
49,Mahesh Yadav,5.0 out of 5 stars,"

  This iPhone is amazingly good and camera is awesome. I will update about battery after few days of usage.

"
50,Krishna Poojary,5.0 out of 5 stars,"

  Back to the same design of iPhone 4/5. Phone feels great to hold and use. Very snappy and good battery life. Records video in HDR which looks really good on the oled screen of the phone.

"
51,Arijit,5.0 out of 5 stars,"

  Great upgrade over iPhone 11.Better camera better screen and far better ergonomics.Amazing price offered on Amazon unmatched by any other seller.Great buy!

"
52,Shoma,1.0 out of 5 stars,"

  The ringer volume is extremely low. So I would really appreciate it if the phone is replaced.

"
53,Amazon Customer,5.0 out of 5 stars,"

  Loving it! But cant seem to get over my 5 yo 6S which still in fabulous condition except for the battery life.Iphone12: Amazing look & feel, yet to explore the finer aspects.Super quick delivery, ordered @ night, got early mrng delivery day.

"
54,Kuldip,5.0 out of 5 stars,"

  As all knows iphone nothing comes in comparison. The UI is so smooth. My first ios device. Every app feels so smooth and fast. Delivery was very late by Amazon.Its a superphone. Use it and know it yourself!

"
55,Sm Belal,5.0 out of 5 stars,"




                    The media could not be loaded.
                




  ¬†I don‚Äôt have any words to describe of this Phone camera, Performance model Design everything is mind blowing I am so glad after bought this Phone you should purchase this üòá

"
56,Swarali,5.0 out of 5 stars,"




                    The media could not be loaded.
                




  ¬†Another Amazing phone from Apple.Better performance, nice battery, amazing camera.Just one concern, apple should have given adopter too.

"
57,Ronaldo,5.0 out of 5 stars,"

  Great smartphone. but funny thing is that it doesn‚Äôt support airtel in my phone. Maybe they need a software update or should look into this issue.

"
58,Amazon Customer,1.0 out of 5 stars,"

  Cable got burnt while charging. Very dissapointed with apple. Never expected such product issue.

"
59,Amazon Customer,1.0 out of 5 stars,"

  Those who want to exchange there old phone s , for their information they will deny exchange for trivial reasons and ask money in lieu of

"
60,Ananthakrishnan N.,5.0 out of 5 stars,"

  Great device. Amazing Cameras. Battery is good for a day. I don‚Äôt play games so I‚Äôm not sure about it.

"
61,Tenzin,5.0 out of 5 stars,"

  I love my iPhone 12Battery superb it will last for whole dayScreen Oled rocksUpgrading from 7 n it‚Äôs worth waiting.It will be better If Mrp is little lower üòâ like 70,000

"
62,Y T,5.0 out of 5 stars,"

  Nice. Recommended. Go ahead and buy.Prons- 90 Hz refreshing rate is missing. No audio call recording and only 3 days call history

"
63,Bhagyashree Arakeri,5.0 out of 5 stars,"

  Product is so far good! If you are old iPhone user then it‚Äôs not much difference.But the packaging is too bad, charger box was crushed which was kept along with iPhone box. Paying this much money and they are not providing good packaging for fragile items!

"
64,joy chauhan,5.0 out of 5 stars,"

  Great iPhone, would have preferred it with at least 10k less but it‚Äôs iPhone what can you do? They will ask for premium price for their products but at least they provide you fantastic software support for long time

"
65,Varun Chaudhary,5.0 out of 5 stars,"

  Good phone, but I still like Android.

"
66,Revathi Muddineni,4.0 out of 5 stars,"

  Overall it‚Äôs good. But I have chosen the green color it is not that much expected as shown in the picture. It‚Äôs very light green which is nearly equivalent to white. Other than color everything is fine. Thankyou Amazon for such a speedy delivery!

"
67,Rohan Kotecha,5.0 out of 5 stars,"

  As usual, apple products are upto the mark. Extremely efficient delivery by Amazon...keeo it up guys

"
68,Yogesh,5.0 out of 5 stars,"

  Good Cell PhoneWorks very wellSmooth excellent WorkingExcellent CameraExcellent face recognitionLight weightBattery is ok okDelivered on time

"
69,Amazon Customer,5.0 out of 5 stars,"

  Compact phone with great display,good battery life,fast charging,good camera.Overall paisa wasool phone

"
70,Ankur Kapoor,5.0 out of 5 stars,"

  I love my iphone 12 so very much. Excellent display, battery life and camera and a14 processor chip is outstanding. Only one demerit and that is the cost of the phone. It's very expensive. Cheers...

"
71,Supratim,5.0 out of 5 stars,"

  Nothing much to say about an iPhone 12. Its brilliant and my all-time favorite.

"
72,sananda saha,3.0 out of 5 stars,"

  I am using oneplus 7 pro , bought this as secondary ph... camera is just pathetic... not worthy. Got a scratchy product which hanged too had to replace  still not happy. Oneplus is just the best. Period.

"
73,iXist,5.0 out of 5 stars,"

  Impeccable phone from apple, upgraded from iPhone 7. Battery could have been a little longer though

"
74,Ashok K Alexander,5.0 out of 5 stars,"

  After three months, the phone is performing well. There have been no problems. All the features are working well.

"
75,HemlataS,5.0 out of 5 stars,"

  2 saal ki pocket money se liya hai phone. Bura kuch ho hi nhi sakta hai. üòÄüòÄüòÄ

"
76,Adesh Chauhan,5.0 out of 5 stars,"

  It is my first Apple Phone and simply I am loving it from the moment I have it on my hand. The picture quality on screen is so cool that it is very soothing experience to my eyes. Perfect buy for me.

"
77,Rajat Mittal 1986,5.0 out of 5 stars,"

  First of all the look and feel of this phone is absolutely amazing...this is such a welcoming change after using an android phone for about 18 months...although a higher refresh would have been nicer but with this gorgeous screen you don‚Äôt really miss it...all in all a great phone !!

"
78,Vaibhav,5.0 out of 5 stars,"

  I just bought the 128gb variant and it is not white but gold‚Ä¶. I just love the white color‚Ä¶.. performance is unbeatable and laser fast. If you want to buy just go for it. Don‚Äôt over think because there is no match of this beast. Now I am all set for next 3 years. ü§©üòá

"
79,Susy mathew,1.0 out of 5 stars,"

  Well it‚Äôs a pointless upgrade. The Bluetooth dose not work.. it‚Äôs keeps dropping on every call.. would suggest not to by apple anymore as they are just using their name. Honestly this is 7th iPhone and I guess it‚Äôs only gotten worse.. don‚Äôt get carried away..

"
80,Mani (Varun Idiot),5.0 out of 5 stars,"

  Vera lavel eruku friends...

"
81,A. Vadiraja Rao,4.0 out of 5 stars,"

  Only mobile that comes without a suitable charger.

"
82,avinash chandra,5.0 out of 5 stars,"

  Superbbb phone.First time I am using I phone feeling better experience with I phone 12.if u will use i phone 12 then u never buy stupid oppo Vivo like android phone

"
83,Sourabh Sharma,5.0 out of 5 stars,"

  This is my first iPhone, before it I used One Plus 7T. Believe me iPhone 12 is just amazing device. Everything is perfect, no complaints for anything. Display, design, camera, battery all are amazing. Im really happy for my iPhone 12. Superb Phone üëåüèºüëåüèºüëåüèºüòçüòçüòç

"
84,JK,5.0 out of 5 stars,"

  iPhone is always and iPHone. Very good CX and UX and trouble free usage. Camera this time is Super clear. Loving it !!

"
85,Balaji,5.0 out of 5 stars,"

  Product is good. And in the phone when you get call the ringtone sound initially very high after 2,3 seconds the ringtone sound will decreases in my phone, is this normal in iPhone 12 or my phone is fault piece. Please anybody clarify my doubt. Thanks in advance

"
86,NAVNEET TALWAR,4.0 out of 5 stars,"

  Size is small ... Face ID lock is gud. Rest same as earlier models

"
87,Venkadesh P,5.0 out of 5 stars,"

  Awesome photo and video quality.Performance is the top notch.as usual awesome iOS.

"
88,Tapan Kumar Behera,5.0 out of 5 stars,"

  Phone is an all-rounder. It's a very good experience be it camera, speakers, display, battery. Coming from an android device, iOS feels more stable and fluid. Some issues are there with the software but they can be ignored.

"
89,Krishna Gopalan,5.0 out of 5 stars,"

  Latest technology adds to the look and functionality! Amazed by the speed and performance!

"
90,Ramesh C,2.0 out of 5 stars,"

  Honestly if it's not for that maverick Steve.... High on hype. Android and Samsung are a zillion times better.

"
91,yellamelli vijaya prasad,4.0 out of 5 stars,"

  Very good phone.I upgraded my mobile iPhone XR with iPhone 12.Very thin design and light weight ,compared to my old iPhone XR.Amazon is delivered this product early before the promised delivery date.

"
92,Taruna Sahoo,1.0 out of 5 stars,"

  Battery is not charging beyond 80%

"
93,Maneesh kumar,4.0 out of 5 stars,"

  wonderful 12 series light weight

"
94,Anshul,5.0 out of 5 stars,"

  Apple user will always love an upgrade and new user will be delighted.I am loving this upgrade.

"
95,Asif mansoori,5.0 out of 5 stars,"




                    The media could not be loaded.
                




  ¬†Phone gajab hai bhai. Amazon ne bahut acche se deliever kiya. Fully satisfied.

"
96,Prince kumar,5.0 out of 5 stars,"

  As expected from apple the iPhone is unbeatable, it‚Äôs performance never seize to amaze me and thanks to amazon I got it in lockdown within the time period. Thanks to Amazon the price deal was really good.

"
97,bikrams,5.0 out of 5 stars,"

  Haven‚Äôt used a smartphone this good. Would say just perfect for my need. Sometimes I feel likes touch is like butter. Battery works for me 2 days with dual sim usage.

"
98,Parminder Singh,5.0 out of 5 stars,"

  Everything about the phone can be described in a single word ‚Äòawesome‚Äô.

"
99,harsh gupta,4.0 out of 5 stars,"

  Overall good but camera and battery life not as good as iphone 11pro

"
100,kundan kumar,1.0 out of 5 stars,"

  It hangs like anything. While typing suddenly the keyboard will freeze. Not expected from Apple

"
101,Rangz,5.0 out of 5 stars,"

  Simply superb. Best iPhone till date. It is flawless, but yes, battery could have been improved.

"
102,Ashish chaudhary,5.0 out of 5 stars,"

  Super fast delivery by Amazon perfect phone camera is better than iPhone 11

"
103,Surya kumar,1.0 out of 5 stars,"

  Over heating problum .Using 10 to 20 minutes then mobile was heated . Thats very bed with I phone 12 . I am not accepting that's kindes off problum .Very disappointed .

"
104,rahul prasad,2.0 out of 5 stars,"

  This phone is good. But it suddenly showing some issues like camera and gallery crash. If you change wallpaper too frequently and taje too much pic.

"
105,Anudeep Chowdary,5.0 out of 5 stars,"




                    The media could not be loaded.
                




  ¬†This is first time I‚Äôm switching from android to iOSIt is just amazingBatter life is awesome

"
106,abhishek kumar,4.0 out of 5 stars,"

  Price is of brand only ,nothing else

"
107,Naveen,5.0 out of 5 stars,"

  The phone is amazing no doubt. I got 128gb white for 72K during prime day it's best to wait for any sale or price dropAmazing cameraAwesome displayBattery is good

"
108,Con,5.0 out of 5 stars,"

  I‚Äôm an iPhone fan and I loved this phone

"
109,sushant,4.0 out of 5 stars,"

  I would like to say that's awesomeüëçüëè phone, no weight this iPhone totally mind blowing ü•∞ battery pickup is not good but at least overall hall day backup normally usages, camera quality is amazing night mode is superb

"
110,INDRAJIT PAL,5.0 out of 5 stars,"

  Everything is quite fine but only matters is battery backup is very low.Hardly for a normal user it lasts not more than18-20 hours

"
111,Amazon Customer,5.0 out of 5 stars,"

  Face ID superb ‚Ä¶camera good could have added more futures..they should have given charger for this much money. But battery comes through out day which is good..

"
112,BJR,3.0 out of 5 stars,"

  Just reached today. So far so gud. Fast snappy and it's so lightweight, and the camera by God how can they manage to fit in such a Power ful camera sensor inside the phone, seriously an engineering marvel.

"
113,Rajat Khurana,5.0 out of 5 stars,"

  It's super responsive and has a great display

"
114,Sorav kumar R.p singh hospital indra road guru Kirpa variety store 7986727779,1.0 out of 5 stars,"

  This product was hang plz replace the iPhone no work sim tray battery problem

"
115,Prashant Moily,5.0 out of 5 stars,"

  I am a first time user but must say actually a privilege to own one and an awesome user experience.On time Delivery and to the mark packaging from Amazon also added for the smiles at my place

"
116,Amazon Customer,5.0 out of 5 stars,"

  If you don't have an iPhone then you don't have an iPhone

"
117,Laxman,5.0 out of 5 stars,"

  Indeed its one of the best phone smooth screen smooth touch a good battery backup a top notch camera what else you want and of course apple‚Äôs security.

"
118,RRS,5.0 out of 5 stars,"

  I don‚Äôt think one would regret after having iPhone 12. Yes, the battery life would have been better, but is acceptable. It‚Äôs nothing like draining in no time. One would really enjoy this latest model by Apple rather than counting on battery life.

"
119,Yogendra Reddy,3.0 out of 5 stars,"

  Over hiping product and camera as blur picture quality

"
120,roopesh,5.0 out of 5 stars,"

  Long term apple products user. Love everything about the brand

"
121,Beric Dondarrion,3.0 out of 5 stars,"

  Same old apple. Overpriced phone with standard features. Works well enough.

"
122,Ravi k.,5.0 out of 5 stars,"

  The iOS experience is just unreal.the optimisation of the system is top of the world.mine was made in India unit.‚ù§Ô∏è‚ù§Ô∏è

"
123,Malavika Nair,5.0 out of 5 stars,"

  Absolutely loving this device. I switched from Android to Apple and the transition was very smooth.

"
124,Annusha Kumar G.R,1.0 out of 5 stars,"

  Worst product.. don‚Äôt buy from Amazon.. they deliver only defective product

"
125,Vairamudi M,5.0 out of 5 stars,"

  Amazing...... Excellent..... Easy to handle....

"
126,Abhay Pratap Singh,5.0 out of 5 stars,"

  Battery life is good, lasts for 8-10 hours once fully chargedScreen quality is really great

"
127,Kuttyshrank,5.0 out of 5 stars,"




                    The media could not be loaded.
                


"
128,Rishika Somani,1.0 out of 5 stars,"

  I had bought this phone from Appario Retail Pvt Ltd in May '21 and this phone was damaged and showed liquid damage without any water entrance. Such a disappointment. This phone came as defective.

"
129,Elumalai,5.0 out of 5 stars,"

  This is my 1st ios device. So I was amused to use this...Battery life is awesome.. when it is compared to other iphone...ND I was surprised  while using this iPhone only because of the display..

"
130,Kumar Prakarsh,4.0 out of 5 stars,"

  In these times when someone is usually masked up, Apple should embed optional on screen fingerprint scanner, because it‚Äôs tough to mask down everytime you want to unlock the phone. So is entering the PIN

"
131,Senthil,4.0 out of 5 stars,"

  Product is very good‚Ä¶ liked all the features of iPhone 12. Battery life is not great and sometimes has issues with volume

"
132,Amazon Customer,2.0 out of 5 stars,"

  Picture quality of made in outside India phone is excellent than Indian made

"
133,Sunil Oberai,5.0 out of 5 stars,"

  This is simply awesome. What more can i say, its the latest iphone.

"
134,Nishant Mahere,1.0 out of 5 stars,"

  Worst phone.

"
135,Ravi,5.0 out of 5 stars,"

  Superb switch from IPhone7 to iPhone 12 after lost my phone I used android oneplus nord CE for couple of weeks. but finally landed to iPhone camera superb very smooth

"
136,Mona,4.0 out of 5 stars,"

  No offers for SBI or Citibank cards.

"
137,Amazon Customer,1.0 out of 5 stars,"

  Not good

"
138,Mohan,1.0 out of 5 stars,"

  This is not a good device..I got bad quality mobile..shameful to iPhone brand for like this type of products

"
139,Ashish Dhaundiyal,5.0 out of 5 stars,"

  Iphone is Iphone no comparison with any other phone.Best camera.performance is good but battery is a bit negative side of this

"
140,Amazon Customer,4.0 out of 5 stars,"

  Very nice product good battery backup and natural Cooler capture in a camera soothe function

"
141,Tushar Malhotra,5.0 out of 5 stars,"

  Should hv bought the 11 pro instead of the 12. More features, better built, much better looks.

"
142,kudrat,5.0 out of 5 stars,"

  Great

"
143,Amazon Customer,5.0 out of 5 stars,"

  This phone is awesome. What I really felt great abt is the battery life and display. Although the charging time is approx 2 hrs.

"
144,Kausik De,4.0 out of 5 stars,"

  Great

"
145,ankan mishra,5.0 out of 5 stars,"

  Upgraded from Iphone X to 12.Hassle free data transfer.

"
146,Naveen,5.0 out of 5 stars,"




                    The media could not be loaded.
                




  ¬†Supreme quality ever.. but in charging phone heating too much otherwise no dought it is worth in this price point

"
147,Rehan Akhter,3.0 out of 5 stars,"

  While charging, it gets heated.. it‚Äôs EMV, it is not worth of money, it‚Äôs display get zoomed in while lock the phone, it is tough to un lock while zoom in display

"
148,Haris Khan,5.0 out of 5 stars,"

  I really liked the design of my iphone 12 the camera, gaming performance through the A14 bionic chip is mind blowing, the battery life is also good . From my point this iphone is worth buying

"
149,Mohammed saeed ul zafar,5.0 out of 5 stars,"

  Great phone i was an android fan since the beginning and when i saw the iPhone 12 i wanted to switch to ios. This is the best phone to buy right now

"
150,Vijin,5.0 out of 5 stars,"

  I was switching from Andriod to iOS. The experience is too good. The camera quality and overall performance are excellent. After all, it's an iPhone! expectations meet :)

"
151,Vijay,4.0 out of 5 stars,"

  Loved it

"
152,Naveen,5.0 out of 5 stars,"

  Practical Phone for practical life

"
153,flex,5.0 out of 5 stars,"

  Love it

"
154,Mk singh,5.0 out of 5 stars,"




                    The media could not be loaded.
                




  ¬†Just killing awesome üëç

"
155,Sameed Ali,5.0 out of 5 stars,"

  Switched from android and I am happy how simple, fast and secure it is. Happy with the phone so far üëç

"
156,Poonam Chauhan,5.0 out of 5 stars,"

  Nothing can be better than this. I am on top of the world now with this iPhone XII

"
157,Dr N Mariappan,4.0 out of 5 stars,"

  Nice model from iPhone all features are good except battery and its go up to maximum 8 hrs

"
158,Vinod Konka,1.0 out of 5 stars,"

  My iPhone 12 paint chipped in < 2weeks and apple saying cosmetic damage.

"
159,Sunny Singh,5.0 out of 5 stars,"

  Wonderful experience, i have no words for the product to explain his efficiency design.

"
160,Thirumalairaja,3.0 out of 5 stars,"

  My iPhone 12 display are very warm yellow even I turned off truetone and nightshift.

"
161,Samrat Ashok,5.0 out of 5 stars,"

  Green color is best. Phone is liquid fast and camera pics are amazing

"
162,Parikshit Sharma,5.0 out of 5 stars,"

  What to say about itJust switch from Android to iOSJust wooow thats amazing oneLove the productI already used sum of the product of Apple

"
163,Jaspreet,5.0 out of 5 stars,"

  One day delivery, Original piece , Great offer and discount, Overall good experience.

"
164,Dileep kumar gupta,1.0 out of 5 stars,"

  Amazing phone but facing noise issue.  Its noice cancellation is not working

"
165,sidhesh.kumtekar,3.0 out of 5 stars,"

  The colour of the phone is very light with which I am not impressed. The phone gets heated quickly which I didn‚Äôt expect, Face recognition not working when mask on.

"
166,Swati Mondal,4.0 out of 5 stars,"

  Everything is good but battery life is poor.

"
167,AGAM,5.0 out of 5 stars,"

  Great.Simply great.

"
168,Avinash Kumar,5.0 out of 5 stars,"

  I am writing this review after 2 months of use. Battery backup is not good so far. Very disappointed..

"
169,Chandra Sekhar,5.0 out of 5 stars,"

  Perfect phone

"
170,Dosani,1.0 out of 5 stars,"

  iphone box is damaged from backside, i have not opened the seal, i want to replace the item

"
171,Madangir Giri,5.0 out of 5 stars,"

  Good one first time using

"
172,Arjun,5.0 out of 5 stars,"

  It‚Äôs apple. What else reason do by you need?

"
173,Harshith G.,5.0 out of 5 stars,"

  The phone is a beast and I have no issues with phone but the battery could have been better

"
174,RAMANA MIDDE,1.0 out of 5 stars,"

  iOS updates sucks

"
175,Manish Kumar Dhaka,5.0 out of 5 stars,"

  I Loved I Phone X, because of size & design !!This one better in both aspects, it‚Äôs a very light phone !!

"
176,Reetimukta Rath,2.0 out of 5 stars,"

  Overall iPhone is very nice but battery life is very very bad and phone getting heat,also camera is problem when in night mode.

"
177,manish kumar,1.0 out of 5 stars,"

  Don‚Äôt buy it from Amazon they had send me a Dubai imported product, the phone heats so much that I even can‚Äôt hold it

"
178,Subhasish Pati,5.0 out of 5 stars,"

  Good

"
179,DD,4.0 out of 5 stars,"

  I still can't believe I bought it for 79000 rps

"
180,Gaurav Rajawat,5.0 out of 5 stars,"

  Best phone in market right now. I switched on this phone from google pixel 2xl and believe me I am completely satisfied with it‚Äôs performance.

"
181,Nik,5.0 out of 5 stars,"

  The best device Apple has manufactured.Amazon delivery was fast and robust.

"
182,nagendra,1.0 out of 5 stars,"

  Worst iPhone don‚Äôt buyNo proper return policy

"
183,Jayapal,5.0 out of 5 stars,"

  Never disappointed with any Apple purchases. Excellent phone and good upgrade from iPhone 8 to 12.

"
184,Corina,5.0 out of 5 stars,"

  Perfect screen size, maximum features and gives a feel good factor to use it.

"
185,Vaibhav Pratap Singh,5.0 out of 5 stars,"

  Iphone 12 is by far the best iPhone no wonder why its getting all the praises from everyone. Thanks amazon for smooth delivery.

"
186,shekhar sharma,5.0 out of 5 stars,"

  Class

"
187,RAJA,4.0 out of 5 stars,"

  Good

"
188,Hitendrasinh,2.0 out of 5 stars,"




                    The media could not be loaded.
                


"
189,Swadha,1.0 out of 5 stars,"

  Not like want to change this to apple 12 proPls advice how to do

"
190,Suraj,5.0 out of 5 stars,"

  Little hot phone. GamingWorld best phone in my handDon‚Äôt worry

"
191,Pratik,3.0 out of 5 stars,"

  After 1-2 months use camera ring colour damage..

"
192,Pranav,5.0 out of 5 stars,"

  iOS is smooth but has many restrictions with file sharing. Worth the price I got it for in discount.

"
193,pradeep kumar DJ,5.0 out of 5 stars,"

  Top notch product

"
194,S D,5.0 out of 5 stars,"

  It‚Äôs apple. Its the best there is

"
195,Abhinay dwivedi,5.0 out of 5 stars,"

  Its osum phone.!

"
196,Sharath,5.0 out of 5 stars,"

  Low light photography is killer in this phone

"
197,KALYAN CHAKRAVARTHY PARLE,5.0 out of 5 stars,"

  Good

"
198,kalpana singh,5.0 out of 5 stars,"

  Just amazing

"
199,Suresh Reyyi,4.0 out of 5 stars,"

  It's n not value for money. Apple iphones are expensive.

"
200,Swati Chandra,5.0 out of 5 stars,"

  iPhone is working fine. But the battery life of all new iPhone is really poor.

"
201,Otyman,1.0 out of 5 stars,"

  The phone heatup so quickly ..not good

"
202,Raj Ray,5.0 out of 5 stars,"

  The best!

"
203,MdAfzal imam,5.0 out of 5 stars,"

  Best smartphone ever in my life

"
204,pavankumar,4.0 out of 5 stars,"

  Bought iphone 12 this month may 5th, phone is amazing and working super cool.

"
205,Mohit,5.0 out of 5 stars,"

  Best phone one can ever get.If you r old iphone user, this is one for you

"
206,Mahesh Siddalingappa,5.0 out of 5 stars,"

  Product is awesome and worth buying.

"
207,Rohan Sharma,5.0 out of 5 stars,"

  Amazing Apple phone after long

"
208,Amazon Customer,5.0 out of 5 stars,"

  Blew my mind after the switch from 6s to 12..Stunning look and feel

"
209,shahid hussain,1.0 out of 5 stars,"

  I had to return this phone but no option is showing what should I do please help me

"
210,Abir kumar,5.0 out of 5 stars,"

  The  two important feature I like abt it are  light weight and very comfortable to hold.Battery lasts easily for a day.

"
211,Amazon Customer,5.0 out of 5 stars,"

  Well been using it for 2 weeks now. Phone is pretty good. If you can afford it you should buy it.

"
212,Gaurav Trivedi,5.0 out of 5 stars,"

  I feel veryyyyyyy gooooodddd because it's screen is very good and touch response is awesome I am promoting it buts very goooodddd

"
213,Amazon Customer,5.0 out of 5 stars,"

  Good phone

"
214,Organic Harvest,5.0 out of 5 stars,"

  Simply Loving it!! Amazing phone. Battery could have been better but overall a great phone. Would definitely recommend

"
215,Amazon Customer,5.0 out of 5 stars,"

  Camera quality, light weight and smart size of this smartphone makes it superior over its competitors.

"
216,sarika,1.0 out of 5 stars,"

  Battery is discharging even on standby

"
217,shwetabh singh,5.0 out of 5 stars,"




                    The media could not be loaded.
                




  ¬†Always impressive

"
218,Pradeepa D,2.0 out of 5 stars,"

  Costly heating problem

"
219,nithin soman,5.0 out of 5 stars,"

  Great creation by apple.. nothing much to say .  Beautiful piece of art‚Ä¶

"
220,Dulichand,5.0 out of 5 stars,"

  All good but bettory backup is too much short duration only 3-4 hour while capure pictures and videos

"
221,Kong ratan,5.0 out of 5 stars,"

  Everything good

"
222,Naveen Kumar,5.0 out of 5 stars,"

  Nice phone

"
223,amarjeet,5.0 out of 5 stars,"

  Amazon with amazing delivery and excellent product. Best app for shopping electronics items.

"
224,Naren,5.0 out of 5 stars,"

  Good

"
225,Camelia Mondal,5.0 out of 5 stars,"

  It was a very good purchase at such a good discounted rate

"
226,DEBASISH NAYAK,5.0 out of 5 stars,"

  Superb

"
227,Sashanka,5.0 out of 5 stars,"

  Best smartphone of this era

"
228,Sabir Azam,5.0 out of 5 stars,"

  I think different phone from the others so u can purchase ie expensive bt deserve it

"
229,Jaypal singh,5.0 out of 5 stars,"

  Awesome product super ü§óü§óü§óüëåüëåüëå

"
230,Masood,5.0 out of 5 stars,"

  Great upgrade from 11 to 12

"
231,bhavna,5.0 out of 5 stars,
232,Saurav,5.0 out of 5 stars,"

  Katai sexy

"
233,SUJEETH REDDY,5.0 out of 5 stars,"

  Super Camera with a good battery and great OS

"
234,Radonco Solutions,5.0 out of 5 stars,"

  I liked the finish I don‚Äôt like the missing charger

"
235,sagar mukherjee,5.0 out of 5 stars,"

  Finding the phone easy to use and it has all the features as detailed.

"
236,N S CHAHAR,3.0 out of 5 stars,"

  Not buy for seller please game time is heating problam.

"
237,manish,5.0 out of 5 stars,"

  Back to IOS and great decision to buy iPhone again

"
238,Deepak singh,5.0 out of 5 stars,"

  Nice

"
239,MIRZA RIAZ BAIG,5.0 out of 5 stars,"

  Everything is perfect

"
240,Virender Singh,4.0 out of 5 stars,"

  Charging cable is not original takes a lot of time to charge

"
241,Malay,5.0 out of 5 stars,"

  Nice product

"
242,ajay,3.0 out of 5 stars,"

  Why it is heating up while charge

"
243,Harmeet,5.0 out of 5 stars,"

  Value for money

"
244,Ashish,1.0 out of 5 stars,"

  Not buy from this seller,after use of one month microphone not working

"
245,K Ramakrishnudu,3.0 out of 5 stars,"

  Touch screen is not that much good by compare with previous versions..

"
246,Shashwat sahil singh,5.0 out of 5 stars,"

  As expected by apple.Apple the name is enough

"
247,Dilip,5.0 out of 5 stars,"

  Excellent

"
248,Ashay,5.0 out of 5 stars,"

  The best iPhone till now. Display, camera, performance

"
249,Amritpal,5.0 out of 5 stars,"

  End one

"
250,Avinash Yadav,5.0 out of 5 stars,"

  Good smartphone better performance with A14 Bionic.

"
251,Laxman,5.0 out of 5 stars,"

  The camera could have been better but still great pictures

"
252,Bharat,5.0 out of 5 stars,"

  Nice

"
253,TALIB MALIK,5.0 out of 5 stars,"

  Good product

"
254,Shiva,4.0 out of 5 stars,"

  Not too good but u can stay with iphone 11

"
255,Sharique shaz,4.0 out of 5 stars,"

  Owsom

"
256,Himanshu,5.0 out of 5 stars,"




                    The media could not be loaded.
                


"
257,Amazon Customer,5.0 out of 5 stars,"

  best phone!!!

"
258,Vartul,5.0 out of 5 stars,"

  Worth it.

"
259,ASHISH S.,5.0 out of 5 stars,"

  Phone is superb

"
260,Ankush Dabra,5.0 out of 5 stars,"

  Fantastic switch over from android to ios

"
261,Saurabh,5.0 out of 5 stars,"

  Apple gives what we pay

"
262,Ritesh Pawar,5.0 out of 5 stars,"

  Great product

"
263,Rohit Singh,5.0 out of 5 stars,
264,vishal,5.0 out of 5 stars,"

  Loved the color.

"
265,Aravind Madineni,4.0 out of 5 stars,"

  Good

"
266,Amazon Customer,5.0 out of 5 stars,"

  Nothing to dislike

"
267,safia sarfaraz,5.0 out of 5 stars,"

  Overall very good

"
268,Binin,4.0 out of 5 stars,"

  screen on time is 7 hours

"
269,Shoaib Ahmed,5.0 out of 5 stars,"

  Best Iphone ever Battery Life Is ok No problem

"
270,venkateswarlu,4.0 out of 5 stars,"

  Everything is working good .

"
271,Amazon Customer,5.0 out of 5 stars,"

  Value for money

"
272,ANNEM KONDAREDDY,5.0 out of 5 stars,"

  Nice mobile

"
273,Devaprasad,5.0 out of 5 stars,"

  Awesome product and genuine seller

"
274,Pavam Sarkar,5.0 out of 5 stars,"

  It has the best haptics!!!

"
275,vineeth,4.0 out of 5 stars,"

  I just love the phone

"
276,Rajesh Kumar,5.0 out of 5 stars,"

  Charger and battery is not good

"
277,Dhiren Jain,4.0 out of 5 stars,"

  All specifications are perfect

"
278,sagar,5.0 out of 5 stars,"

  Superb Product made by Apple.

"
279,Shashikant,5.0 out of 5 stars,"

  Loved the new Iphone.

"
280,Sandeep Singh,5.0 out of 5 stars,"

  Mobile is best

"
281,shreha,3.0 out of 5 stars,"

  Apps were not working sometimes

"
282,Raj paul,5.0 out of 5 stars,"

  Blind buy

"
283,MD RAHBAR ISLAM,5.0 out of 5 stars,"

  Very good

"
284,Gaurav,5.0 out of 5 stars,"

  Very good phone indeed.

"
285,Ajay,5.0 out of 5 stars,"

  Wonderful device, Loved Apple

"
286,Sarang,5.0 out of 5 stars,"

  I liked it too muchü•∞ü•∞ü•∞

"
287,Rakesh,3.0 out of 5 stars,"

  Not as expected abt this brand.

"
288,RAMAJI VANJARA,5.0 out of 5 stars,"

  Super job

"
289,Prem,5.0 out of 5 stars,"

  üòäüëçüëåüôè

"
290,SATYA SALES,5.0 out of 5 stars,"

  Loved it#the beast

"
291,Srinidhi A,5.0 out of 5 stars,"

  An amazing product

"
292,YOGENDRA SINGH,5.0 out of 5 stars,"

  Exceptional

"
293,Shivam singh,5.0 out of 5 stars,"

  value for money

"
294,P veeru,5.0 out of 5 stars,"

  King of mobiles

"
295,Mahesh Babu K,5.0 out of 5 stars,"

  Screen Quality

"
296,Bhupinder Singh,5.0 out of 5 stars,
297,Sarita sharma,5.0 out of 5 stars,"

  Waaah

"
298,Sandeep sharma,2.0 out of 5 stars,"

  Ok not gud üëç

"
299,Md sakib khan,5.0 out of 5 stars,"

  Awesomeness

"
300,Amazon Customer,5.0 out of 5 stars,"

  Awesome

"
301,Badri Narayanan,5.0 out of 5 stars,"

  Excellent

"
302,chanchal singh,5.0 out of 5 stars,"

  osmmm phone fabulous

"
303,jagdeep singh makkar,5.0 out of 5 stars,"

  I don‚Äôt like to much

"
304,Siddharth Kesarwani,5.0 out of 5 stars,
305,Tilak,4.0 out of 5 stars,"

  Nice phone

"
306,Pavan H H,5.0 out of 5 stars,"

  Nothing

"
307,Ayush Gajbhiye,5.0 out of 5 stars,
308,Amazon Customer,5.0 out of 5 stars,
309,Tarun Sagar,5.0 out of 5 stars,"

  Impressive

"
310,Achyuth kumar,5.0 out of 5 stars,"

  excellent

"
311,Pavan Sai,4.0 out of 5 stars,"

  Nice

"
312,Sritam Kumar Panigrahy,5.0 out of 5 stars,"

  Best

"
313,anmoldeep singh,5.0 out of 5 stars,"

  Good

"
314,Amazon Customer,5.0 out of 5 stars,"

  Yes it‚Äôs awesome

"
315,Aaqil.vem,5.0 out of 5 stars,"

  üëç

"
316,Rohit chourasia,5.0 out of 5 stars,"

  Owesome

"
317,Amazon Customer,3.0 out of 5 stars,
318,Siraj Ali,4.0 out of 5 stars,"

  Nice

"
319,Nijanth Reddy,4.0 out of 5 stars,"

  Not bad

"
320,Vijay Singh,5.0 out of 5 stars,"

  Battery üîãlife

"
321,Amazon Customer,5.0 out of 5 stars,"

  Everything is fine

"
322,N,4.0 out of 5 stars,"

  Very op

"
323,BMR MTT,5.0 out of 5 stars,"

  Sexy

"
324,Atulya Nagarsenkar,5.0 out of 5 stars,"

  Excellent!!!!

"
325,Rahul Solao,4.0 out of 5 stars,"

  Best mobil

"
326,Vishal,5.0 out of 5 stars,"

  Great phone

"
327,shekhar,5.0 out of 5 stars,"

  Good phone

"
328,Karan Vitthal Waghbije,5.0 out of 5 stars,"

  Very good

"
329,Afzal,5.0 out of 5 stars,"

  Amazing mobile

"
330,Ajijur Rahaman,5.0 out of 5 stars,"

  Nice

"
331,Abhishek singh,5.0 out of 5 stars,"

  üëç

"
332,Amit,5.0 out of 5 stars,"

  Good

"
333,Basavaraj,5.0 out of 5 stars,"

  Gd product

"
334,Habibullah k.,4.0 out of 5 stars,"

  Nice

"
335,Gardhara singh,5.0 out of 5 stars,"

  It's working fine

"
336,Ujjwal,5.0 out of 5 stars,"

  Like

"
337,Nikhil Kumar singh,5.0 out of 5 stars,"

  Awesome

"
338,sandeep,5.0 out of 5 stars,"

  Excellent

"
339,#jpkworld,5.0 out of 5 stars,"

  ‚ù§Ô∏è

"
340,Amazon Customer,4.0 out of 5 stars,"

  Again a premium build. Nice to hold. Camera performance is really good. 6 to 8 hrs screen on time. Perfect size, not too small or not too big.

"
341,vanshika,1.0 out of 5 stars,"

  If you‚Äôre investing so much money , buy from original and certified store only , a lot of defective pieces on amazon

"
342,sandeep,1.0 out of 5 stars,"

  My redmi k20 pro performs way better in terms of performance, battery & camera when compared with this iphone 12. Just you need to use Google camera apk in your k20 pro to experience much better quality of camera than stock app. Bad apple strategy to sell anything at any price. Innovations in apple are done at least after 5 years of when android innovates

"
343,shrikanth Bannigolkar,4.0 out of 5 stars,"

  This is my 2nd Apple IPhone. Before I had IPhone SE(1st model)+Looks Awesome+Amazing Battery Backup+Great Touch and Display+Sound Quality is Awesome+Superb Build Quality-Mobile gets heat-Camera could have been better-Must have included Charging Adopter in Box

"
344,Suraj Raj,5.0 out of 5 stars,"

  One of the best phone to switch-to for first time IOS users, great for Gamers, Normal users with Fb, Insta, Songs Videos etc. Don't expect the best battery life with it, However if you use 20 Wat charger the phone would get charged soon.

"
345,The Chosen One,1.0 out of 5 stars,"

  I bought this phone a week ago, it was working working fine till yesterday, then i accidentally drppoed it and it completely shattered. It couldn't even survive a fall from the 4th floor. Stupid phone

"
346,Eunus Mondal,5.0 out of 5 stars,"

  I got it from Apple online india, People who say battery life is not good they are just laying battery life is good for heavy user it will last full day, for gamers 5.5 to 6.5 hours on continuous uses. price is higher but everything good and well built and software experience is good, sound and display is excellent. normal 4g is 60 to 70 faster than any other phones. price is higher but its a great phone.

"
347,Sri Latha,4.0 out of 5 stars,"

  I wish it had a fingerprint sensor . It would have been very easy to open it. But I love the size. I wish apple makes a smaller phone of around 4.5 to 5inces with a fingerprint sensor

"
348,Kay Tee,1.0 out of 5 stars,"

  Bought this phone but wanted a 128 GB phone. We had not opened the phone and told the customer service to replace it with 128 GB. After being on the call for 25 minutes, all they kept on saying that it can‚Äôt be replaced. And this is with Prime membership. Wtf!

"
349,mani,1.0 out of 5 stars,"

  How about quality and efficiency of battery,  i have been using 2 iphone 6s and felt worst battery experience, mic and speaker experiance. In india we are getting this phone equivalent  to second hand car price. I am ok with the price but wont felt price of this phone gives justifiable to the performance and efficiency of battery.I always fight with my friend related to iphone and android.This time for sure i am going to switch to some other phone like oneplus. Which we are getting in cheaper rate and best battery experiance. If we are saying iphone is status symbol them i would say‚Ä¶ monkey and 2 cat story..Bye bye iphone

"
350,Varun,1.0 out of 5 stars,"

  Worst phone ever to be frank oppo or vivo  would be much better than this ,at this price point we can buy 2 phones.

"
351,sateesh g.,5.0 out of 5 stars,"

  Perfectness in every inch. Great battery backup and great display. Every thing is perfect. Green colour awesome for light colour lovers. Blue and red are too dark.

"
352,Pankaj,5.0 out of 5 stars,"

  Phone to bahut mst hai lekin bhai apni aukaat se baahar h. Bas photo dekh kar khush ho lete h.

"
353,ashish,5.0 out of 5 stars,"

  works well ‚Ä¶ feel in hand is superb ‚Ä¶ bought iphone 12 and iphone 12 pro.. both works fine.. lags a bit while playing heavy games like pubg on ultra high graphics settings‚Ä¶ battery is ok (80% charge in like 40 mins) last around 8-10 hours with normal usage. ‚Ä¶ wished it came in 90hz screen refresh.. camera not great okish

"
354,Chakradhar Reddy,5.0 out of 5 stars,"

  This is an awesome product, battery life is also good. If you are a normal user easily you can use this for 1.5 days or 30 to 36 hrs screen resolution camera quality every thing is exceptional.

"
355,satwik,5.0 out of 5 stars,"

  I have been using this phone for almost 2 months now...its an amazingg phone i guarantee u will enjoy this phone..you‚Äôll love the beautiful oled display the camera the processor,everythingg..battery life is amazing i am heavy user and still gets 9 hour of screen time..just go for it but pls use case and a screen protector cause the back is s fingerprint magnet and the display attracts a lot of scratches

"
356,Saurav Sagar,5.0 out of 5 stars,"

  Camera and Display is too good, feels good to hold in hand as compared to iPhone 11, battery is okayish

"
357,dipika,5.0 out of 5 stars,"

  Phone is fabulous especially green one.. battery backup is good as one plus and camera quality is nice just want finger print reader feature too in this phone as we are wearing mask daily so no use of face recognition  .Apple marketer u need to add one more additional feature‚Ä¶

"
358,S,5.0 out of 5 stars,"

  Iphone 12 is amazing. It‚Äôs so fast. It has 5G network  which is so fast. Design is soo good. Excellent pixels. Camera is good. Must go for it

"
359,Nitin,3.0 out of 5 stars,"

  I used both google and now iphone but google has a better echo system and importantly google has much better AI than the iPhone, of course iPhone has the best built.

"
360,Shivam k.,2.0 out of 5 stars,"

  Acha price expect kiya tha republic sale pe but..Still kafi expensive hai price49999 hona chaiye tha but no

"
361,Sohini Devbarman,5.0 out of 5 stars,"

  This is my first iOS phone. At first was very confused whether to shift from hard core Android user to be an iOS user. And literally many of my friends asked me not to. But ultimately I listened to my heart and bought this amazing iphone 12. I am loving every bit of it. Amazing battery life . And the feel that you get after holding this phone is brilliant.

"
362,Mahendra kumar jangid,1.0 out of 5 stars,"

  I have used iphone 12 and it's bad performance it's total waste of money  don't buy iphone  12 it's does not deserve the large sum it demands for it

"
363,Cheems,5.0 out of 5 stars,"




                    The media could not be loaded.
                




  ¬†After using 7 years of android finally i choose iPhone.face id is awesome and haptics also best in class

"
364,Ashwini Ghure,1.0 out of 5 stars,"

  In description it has iPhone 12 with 6.1 inch display, but actually received is iPhone 12 mini, it's total fraud with customers

"
365,Manish,5.0 out of 5 stars,"

  A major upgrade is added in iPhone series , camera quality is so nice ,screen quality is improved,ofcourse its very smooth ,Video call the quality is so real and nice..Battery is okk okk but it can be improved

"
366,Ankit,5.0 out of 5 stars,
367,suman khanchandani,3.0 out of 5 stars,"

  Crackling sound, mic and speaker not working. Amazon didnt facilitate return. My brother had to go to the service centre again and again in this lockdown scenario. It is a gift for my mom but it turned out to be a failed gift.

"
368,SHAD√òW ≈ÅUCIFER,5.0 out of 5 stars,"

  Apple juice and a little bit more of a good mix and the best part of the game was that the game is good and I wish I had a little better and more levels of a good way of keeping it with the best of my friends to buy the app I love the best were my friends in with friends of the game I have a good game and a lot to do and I wish I would be

"
369,Farhan Ahmed,5.0 out of 5 stars,"

  Very nice, slim, fast and lightweight iPhone for youtube videos and movie makers. Must go for iPhone 12 & iPhone12 pro.

"
370,VINSY,5.0 out of 5 stars,"

  Great phone. I have been an iPhone user since many years nowI was using 5s, 6s and now 12. The speed is amazing

"
371,alamgir faridi,3.0 out of 5 stars,"

  The battery life of this iPhone 12 is worst.In 4 to 6 hours from 100% without any usage it will decrease from 20 to 25 percent.My return window is closed I want to return my item please help me in returning my product.

"
372,Mahidhar Komaravolu,1.0 out of 5 stars,"

  Overpriced product not worth the price waste of money, don't buy it.usless product the design is worst and it is overpriced.

"
373,Manohar singh,5.0 out of 5 stars,"

  No comments fabulous awesome table breaking rocking fantastic . . . . . . . . . . . .

"
374,Aaditya,5.0 out of 5 stars,"

  Excellent Performance, Excellent New features. Camera, Battery I always love it...üëåüëåüëåüëçüëçüëç Value for money. Worth buying. üëçüëçüëçüëåüëåüëå. Like it. Nice design also

"
375,Prajwal Patil,5.0 out of 5 stars,"

  iPhone 12 just looks dope and is a very good phone but I bought from apple store. Please don‚Äôt buy from Amazon they sell used/already opened products.

"
376,Saqib Hussain,1.0 out of 5 stars,"

  Poor phone.. Worst battery back up nothing special don't buy if you don't want to waste your money very poor

"
377,Abhishek Kumar,1.0 out of 5 stars,"

  Don't buy iphone if you are an android user & you want to swich an iPhone because battery experience is not good in all iPhones.

"
378,Kalpana sharma,2.0 out of 5 stars,"

  Costly!!!! Not worth it at this price range we don't get any charger i think thisnis the biggest scam of the century the customer need to buy extra charger worth 2k this is a true wste at this price range !!!!

"
379,Parv Jain,1.0 out of 5 stars,"

  Bad experience for this phone andApple is fooling us and sell to expensive products and Very bad company don't buy it

"
380,Sanjay telgote,5.0 out of 5 stars,"

  I am using I phones since years nowTake it if you can quality is no niceAnd lavender colour is superb

"
381,Kinjol,5.0 out of 5 stars,"

  Beautiful design ! Super performance ! Very nice mobile phone...(fingerprint is replaced with face recognition - no problems so far.)

"
382,Mrs Ritesh Yadav,5.0 out of 5 stars,"

  Great mobile at great price point.. loved it. Camera is good... Accessories are very expensive .... But straight forward .. go for it. Great deal....

"
383,Prateek Sharma,1.0 out of 5 stars,"

  After buying it miseries starts....no matter how much discount you get you need to spent atleast 10k additional for the basic accessories. First Apple product n really disappointed.

"
384,Pooja sachdeva,1.0 out of 5 stars,"

  Plz take from shop not amazon I got brokenüò§üò§ don't buy online it's worth l e s sOk

"
385,Atharva S.,5.0 out of 5 stars,"

  All g, don‚Äôt hesitate before buying. Sadly it doesnt come w fingerprint, else it would be perfect phone in this range.

"
386,Manash Choudhury,5.0 out of 5 stars,"

  Great phone. But its costlier. Camera is best part. Battery life is great. Very light to hold. I love iphone.

"
387,Zilangamba warepam,3.0 out of 5 stars,"

  Battery is worse 11 is batter then 12 battery drain to first i charge 100 % and i use to play a music in 1 or to minut the battery is down to first

"
388,Sarvesh,5.0 out of 5 stars,"

  This is the best Phone on the Market Right Now ...  U can definitely check it out... & Go for it !!!

"
389,danish alam,5.0 out of 5 stars,"




                    The media could not be loaded.
                




  ¬†Kabhi kabhi dard hota hai par mirror click lene ke baad thorda acha lgne lagta hai, lelo addat hojyega dard sehne ka

"
390,Gourav jaiswal,5.0 out of 5 stars,"

  I sold my kidney for this mobile.Its working but my kidney didn't.The pain is smaller than the price of Mobile.

"
391,Rahil Shaikh,5.0 out of 5 stars,"

  Best iOs phone if you have budget of 75k Amd  better than samsungs flaships mobile If uh want then just go for it

"
392,Atharv,4.0 out of 5 stars,"

  It's handle all games easily on high settings , and it's camera is awesome.But the price is so high , you can purchase in a sale..

"
393,Joydeep Barman,5.0 out of 5 stars,"

  Very good! A genuine product delivered by amazon. I'm very happy. Phone is awesome. Battery life is good. Thank you Amazon.

"
394,Chandra sekhar,4.0 out of 5 stars,"

  Very slow touch screen with 60 hz refresh rate.By charging such huge amount it should have been at par with market having 120 ht rr

"
395,Vishu,5.0 out of 5 stars,"

  Best iphone till now. Superb display , brilliant camera, color accuracy, grip, battrry life. just too good to have one!

"
396,Hareesh k,3.0 out of 5 stars,"

  Perfomance is all good but Battery is draining so fast and taking lot of time to get charged after 70%.

"
397,Love khanna,5.0 out of 5 stars,"




                    The media could not be loaded.
                




  ¬†Good product amazing look fast suffering on net best choice happy to take this I phone -12 I love this .

"
398,Zahid,4.0 out of 5 stars,"

  After buying this phone, I'm young ,dumb and broke now.... And I hope I recover from this shocküòÅbrooooooAll fault of Newton.Go for it , it's cute.

"
399,A.Selvamanikandan,5.0 out of 5 stars,"

  Beast....Ever...Don‚Äôt Trust Other Brand Plastics..Really worthable product from AppleThe Originallity and the Quality Ever from appleTrust

"
400,Mehul Patel,3.0 out of 5 stars,"

  good product overall. I am using since two months months months months months months months months  months  months  months  months

"
401,Amazon Customer,1.0 out of 5 stars,"

  Battery% dint increase more than 10% and temperature alert came often. Defective product. Very dissatisfied with the product and service.

"
402,Sumit vansh,5.0 out of 5 stars,"

  Finger print dediya hota to 5üåü ho jate best phone 2021 camera best display best battery backup best and performance best and big problem no chager

"
403,kalpana baghel,5.0 out of 5 stars,"

  Great camera üì∑ but the freaking battery is a bummer I would recommend iphone 11 if u wanna for the battery life

"
404,Mehta‚Äôs,5.0 out of 5 stars,"

  Excellent overall , from order to deliver and everything was smooth and perfect I can say that for sure !!

"
405,Arijit Pal,5.0 out of 5 stars,"

  Very good in all kind of features are super cool. Phone is like a Astronaut in all kind of terms.

"
406,Ravindra Gupta,5.0 out of 5 stars,"

  Excellent battery life. Quality of photos and videos are awesome. Best phone in the iPhone range so far. Full screen gives more visibility

"
407,Abhishek Rai,5.0 out of 5 stars,"

  It has improved its battery quality and its camera is still better than iPhone 11 and oneplus 9 pro , I‚Äôm satisfied with the product

"
408,Sameer Empire,5.0 out of 5 stars,"

  Camera quality is very nice.Love this productI am upgrade to my iPhone x to iPhone 12This product is value for moneyThank you. Apple

"
409,XPG,5.0 out of 5 stars,"

  Best phone but doesn‚Äôt have myriad apps like android.Surround sounds!!! Best battery best display Love this phone. Best in class

"
410,Abhinav,3.0 out of 5 stars,"

  Is there any issue while scrolling text looks blurry and trailing on iPhone 12?Does anyone faced this on your iPhone 12

"
411,Mukund,5.0 out of 5 stars,"

  Okkk so done with one kidney going to sell another one for power adapter and for case ü§ß and ofcourse value for kidney üòÖ

"
412,HARISH,4.0 out of 5 stars,"

  Camera, design and display quality improved on this 12. Other than that regular iPhone11 with that same notch. Honest review....!

"
413,NIKHIL SHARMA,5.0 out of 5 stars,"

  Best phone to ever exist. Its premium finish and in hand feel is definitely luxury. Best for gaming, and is very much durable

"
414,Sunny,1.0 out of 5 stars,"

  worst iphone i have ever used in my lifewaste of money worst performance worst camera worst sensors and worst sound

"
415,Aditya Joshi,5.0 out of 5 stars,"

  Beast . Best battery life üî•üî•üî•üî•üî•üî•üî•üî•üî•üî•üëçüëçgo for it you will love this mobileIt is light weight and very good

"
416,Zeeshan A.,2.0 out of 5 stars,"

  Not worth of buying iphone. U can get cheaper price from states u can offord it c u. . .

"
417,RUSHIKESH PATEL,5.0 out of 5 stars,"

  RUSHIKESH PATEL IPHONE 12BEST AND GOOD PHONE.VALUE FOR MONEYGOOD CAMERA AND BATTERYCAMERA SENSOR IS BEST IN IPHONE 12

"
418,MD R.,3.0 out of 5 stars,"

  Camera is good but battery is poor capacity, and also warmth problem. I think this phone is not value for money on this price range.

"
419,Himanshu Yadav,5.0 out of 5 stars,"

  Battery backup is great and much better then 11.If you think to buy this go ahead..Nice for gaming.

"
